sim_id,year_1,year_2,year_3,year_4
0,0.052863968380306686,0.042413614625101466,-0.009200394809037693,0.004299657044073789
1,-0.05045483875978517,-0.08296368035457874,-0.12481355296141478,0.2341697026224454
2,-5.8338600625194406e-05,-0.010248523690522197,-0.15567643467981396,-0.05578242451271492
3,-0.10338315238127574,-0.05509488366834008,0.011611238192971548,0.23950488532678857
4,0.02344835378555335,0.11196063535886654,0.09036745043547073,0.20817411967213192
5,0.004842037492388549,-0.03719091389142518,-0.022830988391619886,0.06797811455886198
6,-0.011679526504085241,0.007461879601311705,0.0031790701162829277,-0.004489316240323887
7,-0.04962330899281994,0.02692700917244224,-0.019069577522530502,-0.059344447409009064
8,0.06692223099929095,0.005262864003230632,-0.04889617861396572,-0.056947025472608256
9,0.06719771983644916,0.03592628127818669,0.041034435089818105,0.012210156230299331
10,0.0634970250320656,0.04812106459312323,0.017461980216704025,-0.027010873579979045
11,-0.09028939417877037,-0.02844027685948375,-0.08772596864057779,-0.042448068992912216
12,0.020907862155915197,-0.028446372447748804,0.012365818491159804,0.004842037492388549
13,0.017461980216704025,-0.027010873579979045,-0.014730314040599294,0.02826162078001348
14,0.09456087618775416,0.1442680668719345,0.09036745043547073,0.20817411967213192
15,-0.005133491311685329,0.04220342435102671,0.00888128311780124,-0.003576996288077466
16,0.09849201751450516,0.01685672166555747,0.025860773477762753,0.01870527823515234
17,-0.0004640594308981007,0.06575677282832645,-0.014169577538660988,-0.017246124246697962
18,-0.011378475219155786,-0.0810228182142374,0.005199332304599804,0.03239325159703908
19,0.10692926466615334,0.052818503065756854,0.01695484128659917,-0.037715375123555536
20,-0.009936918659731264,0.029728891762537946,0.04405507131998533,0.036452961892731166
21,-0.08889000711334612,0.008442502072560752,-0.03322227229726265,0.06547859457587751
22,-0.028446372447748804,0.012365818491159804,0.004842037492388549,-0.03719091389142518
23,0.02740464613057831,-0.022181734731348293,0.03302551187024177,-0.033401786587522055
24,-0.0063949693526819855,-0.02155405246506647,0.07772641030097946,0.031176078979686366
25,0.07633428797990718,-0.04962330899281994,-0.05073514033788832,-0.081205586329834
26,-0.011346396815389154,0.00966076592308283,-0.015260808365570344,-0.07311732007286383
27,-0.02942832466642877,0.03845109691278335,0.012275326094953992,0.10652074418392923
28,0.0010835265497321734,0.030169365189279703,0.05954689270225735,0.02699928247404044
29,0.040829540244036434,-0.015009469703147637,-0.0033481605894797144,0.012649918105789538
30,0.11178376376371055,0.23686636505316352,0.05075880985350582,0.02759643671691845
31,0.05102624206575158,0.020933622671211866,0.04590908523343384,0.05961348252391238
32,-0.12253989570409915,-0.07290450683104488,0.058365230668770134,-0.013287997462302109
33,-0.09492778842213713,0.014249098444838066,0.013552328782214544,0.016249939377331123
34,0.04028733948383551,-0.045389581123573476,-0.043472820294300434,-0.03166469678688542
35,0.04237123697766942,0.034037086276389676,-0.049407531129056194,-0.1434132833015306
36,0.01041279437881343,0.046225217964285595,-0.0034178765959546687,-0.02871232318376256
37,-0.04056938058421847,-0.005637525045480252,-0.025838511639785726,0.11886890957762948
38,-0.013754734367317636,-0.007547991372525836,-0.004042477083777581,0.020435228983264355
39,-0.0162462464960763,0.06081204173790412,0.0012446836373436378,-0.007829901167596347
40,0.24334785007519066,0.03483200682607578,0.09687186759712554,0.15927582686149339
41,-0.04677990554653519,-0.06866753903744134,0.010675079839919726,0.04982300929955519
42,0.04490965294620502,-0.04938033602649569,-0.05318883424782888,0.008718766633751039
43,0.07772641030097946,0.031176078979686366,0.03779158738155633,0.00851847444375363
44,0.05750007864095875,0.029486966374752895,0.008080301731063687,0.06736312926851827
45,0.026508189548699945,0.06438663738759,0.022578594132397916,0.09140733834896966
46,0.04154225173810074,-0.06581065085683803,-0.03651943588496546,0.008475104952900851
47,-0.07716690882936779,0.05481731158778569,-0.005529137560678465,-0.06566738679306296
48,-0.005133491311685329,0.04220342435102671,0.00888128311780124,-0.003576996288077466
49,0.0049317270532911505,0.007477942352647772,0.006612771198706547,-0.010420765207966178
50,0.003923268694962706,-0.013534918400980867,-0.026853141604926915,0.03177406639494155
51,0.00906408850801866,-0.017449686457939966,0.03195651403544279,0.032987146810026395
52,0.1784795106950509,0.17095955027704018,-0.011320186630305316,0.05327822497532394
53,0.023597433850476822,-0.022856495367242196,-0.004517566543534055,-0.07031992292326242
54,-0.045389581123573476,-0.05750531694245116,0.017527314762775668,0.028274969972201847
55,0.04248574632216505,0.02403911798411785,-0.0006670782883442124,0.03209308509343252
56,-0.0489350186692615,-0.06482928669907931,-0.08472219196931578,-0.10825506337615295
57,0.10133919983596766,0.039463226707756656,0.037833419266079034,-0.08240092046298034
58,0.04800823393719242,-0.02996308879641303,-0.020846727225749255,0.10256063737013693
59,0.07462004907188186,0.07988536334400807,0.018118850213676558,0.0025336243002390554
60,-0.062258592534061,-0.011200022754991325,0.017044371176663856,0.04724433085543002
61,0.026650294369621963,0.05023086249500809,0.021330709658760057,-0.03037192734020063
62,0.002721033292247158,-0.005133491311685329,0.04220342435102671,0.00888128311780124
63,-0.011513472180371801,0.03614906441302523,0.005747103245119043,0.07395787540543002
64,0.025144494961714538,-0.03647529900603461,0.09314832120171126,0.0720908090417364
65,-0.007547991372525836,-0.004042477083777581,0.020435228983264355,0.006297766455834597
66,-0.01928682094180781,-0.02094376794236849,0.013055502677213972,0.03913718739332794
67,0.023175625805814403,-0.03553245916052851,0.02849595128758009,0.006364926000034128
68,0.016226096778767064,-0.03269455800362337,0.09547372235376145,0.07520625932878826
69,0.01998665997633142,-0.031082690526254893,0.002430625486315612,0.060347406176913226
70,0.07633428797990718,-0.04962330899281994,-0.022169872968913627,-0.05821588772622714
71,0.044948861138336606,0.050512162209031305,-0.029910882190410843,0.09395215948939031
72,-0.026074719040020927,0.0927671693931366,0.010791209501792631,0.06260025505551696
73,0.0014569153378469603,0.018166813643522718,-0.001341686963325277,0.0033751049213474834
74,0.16445608965141556,0.020530801045690356,-0.042678964071087205,0.023634010206012964
75,0.04490965294620502,-0.04938033602649569,-0.05318883424782888,0.008718766633751039
76,0.1315825200212921,0.1367068347800229,0.1311532579188743,0.11131571440938633
77,-0.022856495367242196,-0.004517566543534055,-0.07031992292326242,0.12512951565687028
78,0.061907521205541424,0.04354140256395621,-0.0011521168442352808,0.06996550155243682
79,-0.020431440671730198,0.01998665997633142,-0.031082690526254893,0.002430625486315612
80,0.09381664737022734,0.14083582185004723,0.09874539105052259,0.1980595960206749
81,0.02517833335626331,0.09044619152700702,0.05268977902213795,0.02176619879236522
82,-0.01475725902830638,-0.02035423008061721,-0.027893117321920374,0.02639861893020655
83,0.015126061979743104,-0.02792503850162619,0.004381774557754737,0.01639230386462114
84,0.007974038851990953,-0.00072590316482399,-0.0032982567368964053,-0.03826419835710366
85,0.0897037047873954,0.01998665997633142,-0.031082690526254893,0.002430625486315612
86,-0.1218280230092854,-0.038618769215352976,0.0017344377427880998,0.0383700697461459
87,0.13145744601978232,0.09853586021489504,-0.04624443418091701,0.07546919914540791
88,0.10652074418392923,0.14332260116698015,0.1311532579188743,0.11131571440938633
89,-0.005346549189384994,0.08806943722472424,0.029232018333804663,0.012649918105789538
90,-0.04889617861396572,-0.056947025472608256,-0.08296368035457874,-0.12481355296141478
91,0.022578594132397916,0.09140733834896966,0.044948861138336606,0.050512162209031305
92,0.056233847737528125,-0.15567643467981396,-0.05578242451271492,0.0027414211450370565
93,0.09511245755734427,0.19460797607474095,-0.008248630740864026,0.06208251319461728
94,0.10652074418392923,0.15471591201636187,0.1195536119516561,0.16077321134488992
95,0.002021835830374982,-0.0018427708801756102,-0.0033481605894797144,0.012649918105789538
96,0.03779158738155633,0.00851847444375363,0.021435570978467603,0.015126061979743104
97,-0.027893117321920374,0.02639861893020655,0.029078939581978474,0.06331349843036885
98,-0.029534921581718058,0.02709928010278606,0.055970802408372225,-0.026072889377660884
99,-0.030094690370443412,0.004887389884845521,0.24334785007519066,0.03483200682607578
100,-0.00887580242302415,0.011878759963531013,-0.01970843724354158,-0.001764216062209568
101,0.007822680867767927,0.03141904600384711,-0.014865073275704896,0.037043997380734404
102,-0.004922972172201207,-0.0002762711550266936,-0.1449848810164573,-0.07282663330833591
103,0.01081979999768568,-0.02994043999248146,0.00732898516381754,0.02039034568448307
104,0.02639861893020655,0.029078939581978474,0.06331349843036885,0.03112869326451413
105,0.06679229388045187,0.03227390694017979,-0.0162359438464235,-0.09028939417877037
106,0.08976295191255872,0.042288990324287054,-0.009681890320329786,0.05112307606913304
107,-0.014210233821178028,0.05595520268387419,0.017269539927308293,-0.035612895278368584
108,0.07502408584230007,0.06667213500753454,0.06959588102455792,-0.009936918659731264
109,-0.01922870684246713,0.02517833335626331,0.09044619152700702,0.05268977902213795
110,-0.08889000711334612,0.008442502072560752,-0.03322227229726265,0.06547859457587751
111,0.011257117079635537,0.009885871632892783,0.013450894429110424,0.02415492521826854
112,0.016940676610758692,0.02902295906132065,-0.008191109106544123,0.0900989218150235
113,0.002996970439633211,0.07365042419861502,0.05846382627014092,0.06370946940140053
114,0.08978943009235238,0.18811433798098445,0.09021814789768995,0.19038427574162717
115,0.0017344377427880998,0.025810595499099868,0.07819459062322921,0.044448562392878324
116,-0.00496676521662024,-0.11399169447086158,-0.051075149006804765,-0.0021335904868741654
117,0.07633428797990718,-0.04962330899281994,-0.05073514033788832,-0.081205586329834
118,0.0313435380150615,-0.012788132184603986,0.023597433850476822,-0.022856495367242196
119,0.0025336243002390554,-0.10033392389766944,-0.06031508786027079,0.01974060520282703
120,0.0246433542126176,0.08014730302853963,0.0551352858496667,0.020204766968143936
121,0.009028741917982133,0.02870977967473705,0.022755690182547236,-0.08633037716556878
122,0.015847352608689344,-0.01262927522922229,0.09265456436381819,0.028878379176320676
123,0.04684663102592058,-0.014229484226591703,0.05668850738506953,0.024910970380971356
124,0.03483200682607578,0.09687186759712554,0.15927582686149339,0.13331833453538028
125,-0.0019707085426019775,-0.07311732007286383,-0.09889894590370596,-0.07716690882936779
126,-0.0683707738427256,-0.1209672773677749,0.0023554476846316284,0.0281140192679024
127,-0.04904310773206642,-0.10338315238127574,-0.05509488366834008,0.011611238192971548
128,0.0540311695998272,-0.00521909168479309,0.05102624206575158,0.020933622671211866
129,0.050713076916418395,0.02991114106029612,0.07775323221691115,0.08360971738967124
130,0.043498732633943174,0.012981123408360313,0.059001729166159776,0.047856138232220576
131,0.20618471364188823,0.09682711124749349,0.02679779099817386,-0.0074318819833296195
132,0.09687186759712554,0.15927582686149339,0.13331833453538028,0.005670866501563713
133,0.029239223785477764,0.016288290926872614,0.1315825200212921,0.1367068347800229
134,-0.12342676797280178,-0.07282663330833591,-0.011106035712797547,0.04490965294620502
135,0.021294956482008322,-0.005346549189384994,0.08806943722472424,0.039865583625172084
136,0.14083582185004723,0.05631950504083591,-0.03327052651534079,0.033919103148152926
137,0.013427251399639835,0.05878796760083395,0.1442680668719345,0.09036745043547073
138,-0.05196133780222694,0.0028742228637099495,0.07942804085490669,0.03591066926944299
139,0.020841236177624917,-0.03163850228123829,-0.023889878117802528,0.002353141630354524
140,-0.03268418807681166,0.024820507352673524,0.05454457330743639,0.057247456131758044
141,0.0383700697461459,-0.004229448637686191,0.04426037679894457,0.015024797213813964
142,0.010556726679935019,0.07369538944811423,0.03904977210986973,0.015847352608689344
143,0.06260025505551696,0.05214769454175549,-0.01255877680473109,0.0933804507502066
144,0.0017344377427880998,0.0383700697461459,-0.004229448637686191,0.04426037679894457
145,-0.04822456859237323,0.011789268251337469,-0.004737227059644066,-0.01766156035542441
146,0.12367975797769766,0.16899550807497488,0.18640853757485246,0.19038427574162717
147,0.007221085628945011,0.009346032013199956,-0.014727339179581215,0.02043033461432674
148,-0.05630009286773721,-0.004303363818687617,-0.0016686239979490554,0.005747103245119043
149,0.05075880985350582,0.02759643671691845,-0.005297334717018741,0.054950776773823706
150,0.0685423723087051,-0.00311542308986455,0.02744969203863194,0.10401486493516268
151,-0.01473198548039481,0.0033751049213474834,0.011213727722435705,0.013538887880741127
152,0.022833190338024337,0.06930880348256134,0.04671823888313922,-0.0066750398740466005
153,0.023504173591286825,0.014790474462585109,0.02278155912917828,-0.02456315189035098
154,0.08205111427962404,0.08078541694248285,0.06554334326021176,0.015232563943364053
155,0.03251710760405471,-0.07682537110950548,-0.020352219706992098,0.006940060669718801
156,0.061073824379587346,0.012275326094953992,0.10652074418392923,0.15471591201636187
157,0.010556726679935019,0.07369538944811423,0.03904977210986973,0.015847352608689344
158,0.002430625486315612,0.07570685403943211,0.013127471629898833,0.043498732633943174
159,-0.02549187566543074,0.03916741147349725,-0.030720136272704167,-0.007930492469347556
160,0.0028742228637099495,0.07942804085490669,0.03591066926944299,-0.03904979439636809
161,-0.0035989485344935825,-0.008671695817373782,-0.017376977939665986,0.03797585285006797
162,0.003923268694962706,-0.013534918400980867,-0.026853141604926915,0.04509197743886771
163,0.013427251399639835,0.05878796760083395,0.1442680668719345,0.09036745043547073
164,0.004345290344611144,0.001665061697892903,-0.007154718189339423,0.02090016898043685
165,-0.02996308879641303,-0.020846727225749255,0.10256063737013693,0.011702624363025375
166,-0.02177030502227734,0.22666738584077392,0.16025330892228135,0.029606206151133886
167,0.07406778941808727,0.05182666214494851,0.058840435390986504,0.03990060764637979
168,0.07715438445561038,0.2127050409126765,0.010556726679935019,0.07369538944811423
169,-0.01938484730921016,-0.1457170726235326,-0.06833406106931146,0.02056614342377341
170,0.01970623765645272,0.06570940764382426,0.04614115426521307,-0.005814780866760401
171,-0.03136287361237509,-0.01315090154732808,-0.037196617343158475,0.09745846809380196
172,0.01998665997633142,-0.031082690526254893,0.002430625486315612,0.07570685403943211
173,0.04263610092887712,-0.0173456788167319,0.006702524739548357,-0.007547991372525836
174,-0.011346396815389154,0.00966076592308283,-0.014840237399720475,0.02415492521826854
175,0.021435570978467603,0.015126061979743104,-0.02792503850162619,0.004381774557754737
176,-0.06866753903744134,-0.014418299225693676,-0.055150510227477294,-0.06176180680248807
177,-0.13068905238419817,-0.027128337150302294,0.017439536052967712,0.03651849782299039
178,-0.012436708278717812,-0.027914669894337645,0.06052779484139389,0.021294956482008322
179,0.05454706420919959,0.08976295191255872,-0.023976837910662067,-0.016313320641010303
180,0.06081204173790412,0.0012446836373436378,-0.007829901167596347,-0.02712704838623795
181,-0.01315090154732808,-0.037196617343158475,0.09745846809380196,0.04415707487510739
182,0.07633428797990718,-0.04962330899281994,-0.05073514033788832,-0.081205586329834
183,-0.001832860749488936,-0.008054504811190783,-0.09009055783775237,-0.04822456859237323
184,0.13328823247215815,0.11982599896297307,0.08105651591925545,-0.0049851771713745364
185,0.060694088804750954,0.08078541694248285,0.06554334326021176,0.015232563943364053
186,-0.09093940332212361,-0.07132791565052274,0.058365230668770134,-0.013287997462302109
187,-0.031242931752715704,-0.04904310773206642,-0.10338315238127574,-0.05509488366834008
188,0.032177038443231165,0.017355998364001222,0.004345290344611144,0.001665061697892903
189,0.06370946940140053,-0.025506369445125927,-0.0010058767142069683,-0.027893117321920374
190,0.0720908090417364,-0.001832860749488936,-0.008054504811190783,-0.09009055783775237
191,0.18605162301684083,0.015485571189997131,0.045055186205520396,0.01860029890708141
192,0.1311532579188743,0.06120588573768596,0.007170867643536217,-0.011679526504085241
193,-0.014865073275704896,0.037043997380734404,-0.04056938058421847,-0.005637525045480252
194,0.03614906441302523,0.005747103245119043,0.07395787540543002,0.042413614625101466
195,-0.028919930259445434,0.04248151104216597,-0.02927708533922444,-0.05873782374826621
196,-0.0027070038742869756,0.07406778941808727,0.05182666214494851,0.058840435390986504
197,0.017527314762775668,0.028274969972201847,0.0331860274858787,-0.06097355054458573
198,0.06438663738759,0.022578594132397916,0.09140733834896966,0.044948861138336606
199,0.013127471629898833,0.043498732633943174,0.006171945495862345,0.0313435380150615
200,-0.06267119191694225,-0.0777020536288688,-0.015065250731236896,0.002353141630354524
201,0.05182666214494851,0.058840435390986504,-0.0051051083419211,-0.01607082458684289
202,-0.023728592557452504,0.040829540244036434,0.01853262344435327,0.010068724907123608
203,0.022755690182547236,-0.08633037716556878,-0.0929254930148846,0.009416902762785275
204,0.0492758897269837,0.016811891915699914,-0.015806339504420387,-0.022624027600938547
205,0.07775323221691115,0.08360971738967124,0.019079517791592983,-0.15049273384696898
206,-0.03567382466677644,-0.01046043074501207,0.028225122466648295,0.044647968058535034
207,0.22283684317037525,0.02323773830564187,0.03947689379387463,0.009830092162553105
208,0.028516291247346292,0.015487793012481365,-0.09096881126589298,-0.05048555245022713
209,-0.04579112302167692,-0.01582101293001888,0.05764210194520755,0.0704862757948348
210,-0.04938033602649569,-0.05318883424782888,0.008718766633751039,0.024648367639700457
211,0.0928494353534945,0.018118850213676558,0.0025336243002390554,-0.10033392389766944
212,0.05543686808800729,-0.02775432483880939,0.0035007798920464336,-0.030645721609290747
213,-0.028890134044899925,0.037347660292486595,-0.020533393111316484,-0.012436708278717812
214,0.06260025505551696,0.014809530633530106,-0.017449686457939966,0.03195651403544279
215,0.06351461633079457,0.06771129635265376,0.07331847075741482,0.0021443880627073906
216,-0.00505393398592306,0.027342220336279893,0.032401305533269247,-0.07383617068359147
217,0.0685423723087051,-0.00311542308986455,0.02744969203863194,0.10401486493516268
218,-0.010432458507049902,0.05886859575445568,0.254888216607517,0.012076025850456295
219,-0.002487481497062186,-0.0027283911528191464,-0.09261339929158924,-0.09093940332212361
220,0.0331860274858787,-0.030944811297452777,-0.06482928669907931,-0.08472219196931578
221,0.022766089298742888,0.013963011136263486,0.009327660659956114,0.016357579018128617
222,0.050512162209031305,-0.029910882190410843,0.09395215948939031,0.024905751099002196
223,0.0014569153378469603,0.004961207336632868,-0.15464392607940886,-0.07638695467008619
224,-0.011200022754991325,0.017044371176663856,0.04724433085543002,-0.011456943698128315
225,-0.07638695467008619,0.0062943424767758155,0.03251710760405471,-0.07682537110950548
226,0.008367286199831514,0.07633428797990718,-0.04962330899281994,-0.05073514033788832
227,0.03276785207007106,0.005616486133727918,0.031990468729583256,-0.028890134044899925
228,-0.0162462464960763,0.06081204173790412,0.0012446836373436378,-0.007829901167596347
229,0.04083681163566783,-0.008660317960369103,-0.02810689182065751,0.02334834607514963
230,-0.011513472180371801,0.03614906441302523,0.005747103245119043,0.07395787540543002
231,-0.05562886314565989,0.11104851877539362,0.0408922640134475,0.053467747980834555
232,0.0492758897269837,0.016811891915699914,-0.015806339504420387,-0.022624027600938547
233,0.05068818011555717,-0.041133885201600016,0.08365555280968927,0.0799543854539114
234,-0.06866403183244768,0.015151760354786346,0.02923423138402624,-0.08370626856186839
235,-0.017420439501306575,0.005590047985581276,0.008075881188370368,0.02740464613057831
236,-0.03567382466677644,-0.01046043074501207,0.028225122466648295,0.044647968058535034
237,0.009119805272276776,0.008977307504258474,-0.02549187566543074,0.03916741147349725
238,0.09745846809380196,0.04415707487510739,-0.011378475219155786,-0.0810228182142374
239,0.20817411967213192,0.009591104411358879,0.05631413212158116,0.042268457879275786
240,0.053648497988271496,-0.019069577522530502,-0.059344447409009064,-0.0976602067509475
241,-0.0028759325671209564,0.07791135487191457,0.02344835378555335,0.029657446232651936
242,0.05674287905853458,0.04682409768225949,0.02423140145385302,0.014796192932722805
243,0.020149016518727223,0.09243218492997904,0.059001729166159776,0.047856138232220576
244,-0.09093940332212361,-0.07132791565052274,0.058365230668770134,-0.013287997462302109
245,0.05618386114043311,0.02554805067516022,-0.011346396815389154,0.00966076592308283
246,0.028516291247346292,0.015487793012481365,-0.02339989814388266,0.009346032013199956
247,0.0462263520970877,0.02728045160063736,0.08733021923824424,0.083601952740726
248,0.033919103148152926,0.04751357520136966,-0.045693205856184464,-0.12218888144058664
249,-0.08974303515891574,0.017527314762775668,0.028274969972201847,0.06805037220551102
250,0.1016350791241134,0.01252791852493433,0.05364691489810045,0.05974919523256175
251,0.043707444721036194,0.008125885190452386,0.005839169704932225,0.000596609706238854
252,0.09682711124749349,0.02679779099817386,-0.0074318819833296195,0.055383400241375814
253,0.05175229404135538,0.07463734568278337,-0.002881656542227375,-0.0038117064568847885
254,0.026650294369621963,0.05023086249500809,0.038317480244124014,0.048659151818756505
255,0.04348820402055349,0.0452438535946445,0.02231189793737722,-0.08581948839162631
256,0.0033421825569468046,-0.04227611970469211,-0.050498900630185264,0.010783273399662228
257,-0.027893117321920374,0.02639861893020655,0.029078939581978474,0.06331349843036885
258,-0.0131336109081202,0.0506174831210367,0.029590133586593244,0.0060348711455441165
259,0.025455493242960484,-0.01650675505206109,0.09376043479837523,0.015178932581916594
260,-0.03457835186186034,0.09907059068764777,0.009525257639794482,0.07623805115305331
261,-0.1329047130515534,0.08950145097867729,0.20527086862786997,-0.02177030502227734
262,0.06959588102455792,-0.009936918659731264,0.029728891762537946,0.04405507131998533
263,0.004345290344611144,0.001665061697892903,-0.047442740873798926,-0.07246180017492716
264,0.03251710760405471,-0.07682537110950548,-0.020352219706992098,0.006940060669718801
265,0.04188973617586783,0.06439905428187961,-0.0007330077890140873,0.03764176433914727
266,0.05543686808800729,-0.02775432483880939,0.0035007798920464336,-0.030645721609290747
267,-0.034902765518025916,0.005374696990686925,-0.05439192569851582,-0.03603910562800098
268,-0.0810228182142374,0.005199332304599804,0.012765043902344708,0.04028733948383551
269,0.032037542390131735,0.13328823247215815,0.10421237703207416,0.18772419387962436
270,-0.001517564516523798,-0.11481914758854696,-0.05630009286773721,-0.004303363818687617
271,-0.045389581123573476,-0.043472820294300434,-0.005719927571950408,-0.03205603826024159
272,0.015024797213813964,0.08978943009235238,0.18811433798098445,0.09021814789768995
273,-0.014347829529096627,-0.062258592534061,-0.011200022754991325,0.017044371176663856
274,-0.00887580242302415,-0.037987428004655384,-0.049520744039766376,0.051639251347764654
275,0.08487372572927601,0.05356779014822743,-0.015332311026208764,0.05668850738506953
276,0.055970802408372225,-0.03677184575890198,-0.1218280230092854,-0.038618769215352976
277,-0.034936127697749966,0.008499036672793286,0.03590981164249519,-0.030569674068653747
278,0.06351461633079457,0.06771129635265376,0.07331847075741482,0.0021443880627073906
279,0.020907862155915197,-0.028446372447748804,0.012365818491159804,0.004842037492388549
280,0.05731174544484317,0.028748656926538833,-0.006766053924133821,0.007173742178701557
281,0.010783273399662228,0.04645933327868312,-0.031242931752715704,-0.11239877399180889
282,0.007020421424277806,0.00043711952401027877,-0.006680494674934709,0.014945083156067693
283,0.0230773999402624,0.006620309188167073,0.025860773477762753,0.017924797219877563
284,0.1442680668719345,0.09036745043547073,0.20817411967213192,0.009591104411358879
285,0.03797585285006797,0.034830188290305736,-0.0683707738427256,-0.1209672773677749
286,0.017439536052967712,0.03651849782299039,-0.01713394966401948,0.061073824379587346
287,0.015240443207146707,0.05649429316671417,0.022833190338024337,0.06930880348256134
288,0.032177038443231165,0.017355998364001222,0.004345290344611144,0.001665061697892903
289,0.005839169704932225,0.000596609706238854,-0.003198480817079996,0.014195496796341411
290,0.008080301731063687,0.06736312926851827,0.06484997864763854,0.05543686808800729
291,0.033791252003787804,0.009119805272276776,0.008977307504258474,-0.02549187566543074
292,0.06044932323785948,0.031801815482169885,0.017238679523561444,0.16875536995836637
293,-0.002423868950951307,0.01041279437881343,0.046225217964285595,-0.0034178765959546687
294,-0.019067498641394894,0.01661130304753056,0.002353511492244803,0.022755690182547236
295,-0.05562886314565989,0.11104851877539362,0.0408922640134475,-0.011000442122731982
296,-0.0020105680194356466,0.04248574632216505,0.02403911798411785,-0.0006670782883442124
297,0.05846382627014092,0.06370946940140053,-0.025506369445125927,-0.0010058767142069683
298,-0.052644045068644486,0.057391731731546526,0.04265630603855725,0.022807142819862326
299,-0.007829901167596347,-0.02712704838623795,0.05550996276826985,-0.042678964071087205
300,0.02841273061469006,0.047442303827898546,0.0685423723087051,-0.00311542308986455
301,0.06930880348256134,0.04671823888313922,-0.0066750398740466005,0.077739445343134
302,-0.0162359438464235,-0.09028939417877037,0.047461613453620065,-5.8338600625194406e-05
303,-0.03845370595166686,0.07462004907188186,0.07988536334400807,0.018118850213676558
304,0.04684663102592058,0.0061949975367046,-0.019068281816173573,-0.0713840292511914
305,-0.05519291734833666,0.041034435089818105,0.012210156230299331,-0.05196133780222694
306,0.031990468729583256,-0.028890134044899925,0.037347660292486595,-0.020533393111316484
307,-0.0713840292511914,0.0028870675659669913,0.0946013051011754,-0.04511760309730755
308,-0.08823696391282364,0.002721033292247158,-0.005133491311685329,-0.020536539280259742
309,0.19476497723196481,0.054359119672220756,0.085384685131117,0.14960067236142724
310,0.02439044517374037,0.017073106277451525,0.020907862155915197,-0.028446372447748804
311,0.17290342797616506,0.11157955438534486,0.17354461860428042,0.005093046603205656
312,-0.08904977787339634,0.09745846809380196,0.03350732202415864,0.02549543104342842
313,-0.020281403748275403,-0.008165117703324998,0.046004160625338054,0.1786110197944668
314,-0.0032982567368964053,-0.03826419835710366,0.031453163421733106,0.021294956482008322
315,0.06319230671727441,0.07424945199336273,0.0540311695998272,-0.00521909168479309
316,0.15927582686149339,0.13331833453538028,0.005168656270110838,0.01860029890708141
317,0.02841273061469006,0.047442303827898546,0.0685423723087051,-0.00311542308986455
318,-0.06504903210521822,-0.011188332158927672,0.02420862082602183,0.018756038382954834
319,-0.0810228182142374,0.005199332304599804,0.012765043902344708,0.04028733948383551
320,0.03591066926944299,-0.03904979439636809,-0.018413766748717374,-0.004089574664219004
321,-0.001517564516523798,-0.14258923569181944,-0.06851762111446583,-0.028919930259445434
322,0.08570673383282468,0.009428846587031999,0.02435138468706542,0.02604189038723279
323,-0.03719091389142518,-0.022830988391619886,0.06797811455886198,0.07420012214525842
324,-0.03136287361237509,-0.01315090154732808,-0.037196617343158475,0.09745846809380196
325,0.031861365171198065,-0.060927950869310125,-0.1210164422543071,-0.034936127697749966
326,0.029152458653708312,0.01081979999768568,-0.02994043999248146,0.00732898516381754
327,0.013393092697523859,-5.8338600625194406e-05,-0.010248523690522197,-0.15567643467981396
328,0.01685672166555747,0.025860773477762753,0.017924797219877563,0.023580997183367442
329,-0.014915528487025423,0.012365818491159804,0.004842037492388549,-0.03719091389142518
330,0.09687186759712554,0.15927582686149339,0.13331833453538028,0.005168656270110838
331,0.007221085628945011,0.009346032013199956,-0.014727339179581215,0.02043033461432674
332,0.02815498806673793,-0.03457835186186034,0.09907059068764777,0.06346799439646021
333,-0.02068948773455074,-0.08974303515891574,0.017527314762775668,0.028274969972201847
334,0.022807142819862326,0.02439044517374037,0.017073106277451525,0.020907862155915197
335,0.04444616506221233,0.05750007864095875,0.029486966374752895,0.008080301731063687
336,-0.07961222794449035,-0.02486485722016533,-0.002487481497062186,-0.0027283911528191464
337,-0.004303363818687617,-0.000764935061800556,-0.0015810793213288728,-0.14639355121872283
338,0.031453163421733106,0.021294956482008322,-0.005346549189384994,0.08806943722472424
339,0.004345290344611144,0.001665061697892903,-0.007154718189339423,0.02090016898043685
340,0.002996970439633211,0.07365042419861502,0.05846382627014092,0.06370946940140053
341,0.035793694190449386,0.04806240645073723,0.016226096778767064,-0.03269455800362337
342,-0.008671695817373782,-0.017376977939665986,0.03797585285006797,0.034830188290305736
343,0.01695469225262917,0.020712984020955096,0.005437065094973533,0.05017535607181645
344,0.08188430983930227,0.0441216471640192,-0.019269455674365138,0.05607678211970807
345,-0.04227611970469211,-0.050498900630185264,0.010783273399662228,0.04645933327868312
346,-0.1457170726235326,-0.06833406106931146,0.02056614342377341,0.020327262293546484
347,-0.022856495367242196,-0.004517566543534055,-0.07031992292326242,0.12512951565687028
348,-0.07638695467008619,0.0062943424767758155,0.03251710760405471,-0.07682537110950548
349,0.0506174831210367,-0.0031455015921875735,0.04556569985235456,0.020701877565899043
350,0.03112869326451413,0.0019359245923828542,0.007020421424277806,0.00043711952401027877
351,0.037811335473967846,-0.026074719040020927,0.0927671693931366,0.010791209501792631
352,0.1585077643839471,0.046004160625338054,0.036698187509295356,0.0462263520970877
353,0.03195651403544279,0.032987146810026395,-0.056993886620156656,-0.05616080316826022
354,-0.049407531129056194,-0.1434132833015306,-0.009326092852967406,0.05522655912088008
355,0.032177038443231165,0.017355998364001222,0.009620180653809512,0.019290237091062958
356,-0.014683768648714483,0.06623824382816598,0.0022284959874056313,-0.02871232318376256
357,0.04684663102592058,0.0061949975367046,-0.019068281816173573,-0.0713840292511914
358,0.007974038851990953,-0.017751195343342213,-0.020869068846696422,0.016721652182922028
359,0.03112869326451413,0.0019359245923828542,0.007020421424277806,0.047513179029643096
360,-0.04624443418091701,0.07546919914540791,-0.052644045068644486,0.057391731731546526
361,-0.009372199840067003,0.001754605321988245,-0.001517564516523798,-0.14258923569181944
362,-0.03311736690928855,0.029156456970374847,0.020315402513363848,0.006287851614069399
363,0.057498151475025974,-0.03099676014357284,-0.043975960300684125,0.006940060669718801
364,0.06439905428187961,-0.0007330077890140873,0.03764176433914727,0.08734846799044324
365,0.020435228983264355,0.006297766455834597,-0.01669743734389148,-0.0253224956421449
366,0.016811891915699914,-0.015806339504420387,-0.022624027600938547,0.021486469795082428
367,0.09243218492997904,0.059001729166159776,0.047856138232220576,-0.02592957193685902
368,-0.011456943698128315,-0.016235574331397593,-0.02641509517482331,-0.009936918659731264
369,0.02157137338810507,0.0230773999402624,0.007822680867767927,0.03141904600384711
370,-0.015285831653700205,0.002021835830374982,-0.0018427708801756102,0.023894110310753357
371,0.1442516967700536,0.12849048001054955,0.020712984020955096,0.005437065094973533
372,0.05631413212158116,0.042268457879275786,0.005827663009140014,0.020169020825399984
373,0.06661143319110473,0.015487793012481365,-0.09096881126589298,-0.05048555245022713
374,0.05268977902213795,0.02176619879236522,-0.007656332504046889,-0.03507399595771937
375,-0.08633037716556878,-0.0929254930148846,-0.007530160315831419,-0.004229448637686191
376,0.11011995149387833,0.03595651255263394,0.1784795106950509,0.17095955027704018
377,0.06351461633079457,0.06771129635265376,0.07331847075741482,0.0021443880627073906
378,-0.01994919054152854,0.0320296105725281,0.0748770995501764,0.028516291247346292
379,0.005856854528186469,0.02278155912917828,-0.02456315189035098,0.03329672356968668
380,-0.011188332158927672,0.02420862082602183,0.028737402589274815,-0.033475418142976346
381,0.008527595105345247,-0.010202013685965725,-0.0007087971577727721,0.01219014238418171
382,-0.033074350021090174,0.04800823393719242,-0.02996308879641303,-0.020846727225749255
383,-0.06110037982224164,0.07946234483177844,0.04684663102592058,0.0061949975367046
384,0.03779158738155633,0.00851847444375363,0.021435570978467603,0.015126061979743104
385,0.1016350791241134,0.01252791852493433,0.05364691489810045,0.05974919523256175
386,0.028748656926538833,-0.006766053924133821,-0.013687465687720385,-0.014879420061233384
387,-0.03163850228123829,-0.0883003365479709,-0.02646807590070384,-0.005133491311685329
388,0.02043033461432674,0.006085282308852949,-0.013945795051438253,-0.027931969716044284
389,-0.01650675505206109,0.09376043479837523,0.015178932581916594,0.031711869931220056
390,0.013963011136263486,-0.01443544461218946,-0.019067498641394894,0.01661130304753056
391,-0.03163850228123829,-0.0883003365479709,-0.02486485722016533,-0.002487481497062186
392,-0.004922972172201207,-0.0002762711550266936,-0.1449848810164573,-0.07282663330833591
393,-0.03647529900603461,0.09314832120171126,0.0720908090417364,-0.001832860749488936
394,0.019385155276800098,-0.0028759325671209564,0.07791135487191457,0.02344835378555335
395,0.04751357520136966,-0.005049697410313444,-0.006680494674934709,0.014945083156067693
396,0.03195651403544279,0.032987146810026395,0.043783032082419,0.03344474957879514
397,0.010675079839919726,0.04982300929955519,0.021457461599548977,-0.05439192569851582
398,0.0331153666186435,0.008772262157337138,0.03948925873048987,0.005521986037352872
399,0.011257117079635537,-0.01835815366725354,0.11178376376371055,0.23686636505316352
400,0.037043997380734404,-0.04056938058421847,-0.005637525045480252,-0.025838511639785726
401,-0.031082690526254893,0.002430625486315612,0.07570685403943211,0.013127471629898833
402,0.001374842288426062,0.016131477872899806,0.04083681163566783,-0.008660317960369103
403,0.06973336839553607,0.08490533966392713,0.02921620650682846,0.00644725239090928
404,-0.018978511458347606,-0.15049273384696898,-0.06866403183244768,0.015151760354786346
405,0.03971595674933848,-0.06267119191694225,-0.0777020536288688,-0.015065250731236896
406,-0.09028939417877037,-0.002782893872620861,0.07608944778980152,-0.0005898371524523021
407,-0.06851762111446583,-0.028919930259445434,0.04248151104216597,-0.02927708533922444
408,0.017044371176663856,0.04724433085543002,-0.011456943698128315,-0.016235574331397593
409,0.1864918273196731,0.1912402838473926,-0.007339068801813674,0.032708833873126085
410,0.01848809379400931,-0.10478409704311777,-0.050209993324580156,0.020283963990658363
411,0.03804580521943836,-0.056947025472608256,-0.08296368035457874,-0.12481355296141478
412,0.05481731158778569,-0.005529137560678465,-0.06566738679306296,-0.020389869958670415
413,0.023766878111643536,0.020315402513363848,0.006287851614069399,0.029239223785477764
414,0.02043033461432674,0.006085282308852949,-0.013945795051438253,-0.027931969716044284
415,-0.02712704838623795,0.05550996276826985,-0.042678964071087205,0.023634010206012964
416,0.024600949002244726,0.003387299348614436,-0.020431440671730198,0.01998665997633142
417,0.07420012214525842,-0.02068948773455074,-0.08974303515891574,0.017527314762775668
418,-0.0021335904868741654,0.0331153666186435,0.008772262157337138,0.03948925873048987
419,0.13679031692311297,0.061423026916350355,-0.009866661182637375,-0.029950006555454843
420,-0.037715375123555536,-0.05917818288180227,0.008367286199831514,0.07633428797990718
421,0.020315402513363848,0.006287851614069399,0.029239223785477764,0.016288290926872614
422,-0.0040099439253633,-0.04624443418091701,0.07546919914540791,-0.052644045068644486
423,0.06679229388045187,0.03227390694017979,-0.0003017896428719151,-0.027010873579979045
424,0.03251710760405471,-0.07682537110950548,-0.020352219706992098,0.006940060669718801
425,0.037347660292486595,-0.020533393111316484,-0.012436708278717812,-0.027914669894337645
426,0.017044371176663856,0.04724433085543002,-0.011456943698128315,-0.016235574331397593
427,0.0562120907260079,0.08487372572927601,0.05356779014822743,-0.015332311026208764
428,-0.0014347097716089039,-0.0162462464960763,0.06081204173790412,0.0012446836373436378
429,0.008772262157337138,0.03948925873048987,0.005521986037352872,0.09381664737022734
430,-0.02549187566543074,0.052283498780486555,0.033619419513257524,0.09660961896248449
431,0.03483200682607578,0.09687186759712554,0.15927582686149339,0.13331833453538028
432,-0.009326092852967406,0.05522655912088008,0.011257117079635537,0.009885871632892783
433,0.016661813725847092,0.017238679523561444,-0.06753676652016552,0.0028742228637099495
434,0.07369538944811423,0.03904977210986973,0.015847352608689344,-0.01262927522922229
435,0.009961599505911202,0.0329867735043766,0.004729783438254615,0.021012075726165945
436,0.06552574171230927,-0.06231734572732671,-0.05048555245022713,0.10802047153998859
437,-0.03268418807681166,0.024820507352673524,0.05454457330743639,0.02157137338810507
438,0.06516418858680059,0.0492758897269837,0.016811891915699914,-0.015806339504420387
439,0.037347660292486595,-0.020533393111316484,-0.012436708278717812,-0.027914669894337645
440,0.1980595960206749,-0.007250054133614382,0.05536150111826453,0.04405280732275557
441,0.03982964454413606,0.06044932323785948,0.020655242408598253,-0.03567382466677644
442,0.007477942352647772,0.006612771198706547,-0.010420765207966178,0.02533286362303029
443,-0.009200394809037693,0.004299657044073789,-0.01473198548039481,0.0033751049213474834
444,0.00385394882475879,-0.0035989485344935825,-0.008671695817373782,-0.017376977939665986
445,0.004842037492388549,-0.03719091389142518,-0.022830988391619886,0.06797811455886198
446,0.023634010206012964,0.07067891964497917,0.015240547515204036,0.027084564191957573
447,0.04751357520136966,-0.045693205856184464,-0.12218888144058664,-0.03311736690928855
448,0.021403949475942596,0.06692223099929095,0.042534047615378365,-0.04962330899281994
449,0.05023086249500809,0.021330709658760057,-0.034785772257091875,0.10183186860558922
450,-0.03904979439636809,-0.08752271000182854,0.021403949475942596,0.06692223099929095
451,-0.033401786587522055,0.0011471072145716112,-0.05562886314565989,0.01475708766536015
452,0.002013993368322598,0.04614115426521307,-0.005814780866760401,0.008527595105345247
453,0.06260025505551696,0.05214769454175549,-0.01255877680473109,0.06719771983644916
454,-0.016235574331397593,-0.02641509517482331,0.02349940927067805,-0.016313320641010303
455,0.000596609706238854,-0.003198480817079996,0.014195496796341411,0.005132317567122862
456,0.08570673383282468,0.009428846587031999,0.02435138468706542,0.02604189038723279
457,0.03947689379387463,0.009830092162553105,0.04298146736515457,0.07502408584230007
458,0.01970623765645272,0.06570940764382426,0.04614115426521307,-0.005814780866760401
459,0.021330709658760057,-0.034785772257091875,0.08744303057156178,-0.009200394809037693
460,-0.08529826441375793,0.007108112278546442,0.04154225173810074,-0.06581065085683803
461,0.026091687558453626,0.03341163695318257,0.0049317270532911505,0.007477942352647772
462,0.06959588102455792,-0.009936918659731264,0.029728891762537946,0.04405507131998533
463,0.048659151818756505,0.12790301675578866,0.11004866409985843,0.1786296003926594
464,-0.11916443213939447,0.06461142211478281,0.23535898697636634,-0.013624535480764548
465,0.029239223785477764,0.016288290926872614,0.1315825200212921,0.1367068347800229
466,-0.005637525045480252,-0.025838511639785726,0.11886890957762948,0.005320447429078421
467,0.06516418858680059,0.0492758897269837,0.016811891915699914,-0.015806339504420387
468,-0.0008676718911454405,-0.0018427708801756102,-0.0033481605894797144,0.012649918105789538
469,-0.04850554726351195,0.026955011035204188,0.06436676991295626,0.02303278315861766
470,0.07633428797990718,-0.04962330899281994,-0.05073514033788832,-0.081205586329834
471,0.08360971738967124,0.0441216471640192,-0.019269455674365138,0.05607678211970807
472,0.263310632907053,0.17278725760895416,0.05618386114043311,0.02554805067516022
473,-0.050498900630185264,0.010783273399662228,0.04645933327868312,-0.031242931752715704
474,-0.013293106975691601,-0.019886363012011198,0.027985131753974917,0.024649406615095838
475,-0.03651943588496546,0.008475104952900851,0.02765786528493706,0.024600949002244726
476,0.04415707487510739,-0.011378475219155786,-0.0810228182142374,0.005199332304599804
477,0.026650294369621963,0.05023086249500809,0.021330709658760057,-0.034785772257091875
478,0.009346032013199956,-0.014727339179581215,0.02043033461432674,0.006085282308852949
479,0.029280853265727526,0.00342281220920832,0.01961569337155239,0.048659151818756505
480,0.037347660292486595,-0.003597697709391588,0.05750007864095875,0.029486966374752895
481,-0.06866403183244768,-0.0202571643209488,0.01219014238418171,0.016357579018128617
482,0.08360971738967124,0.0441216471640192,-0.019269455674365138,0.05607678211970807
483,0.00644725239090928,-0.10003620956022498,-0.055412634380477395,0.013393092697523859
484,0.12926506844514737,0.08926916255504835,-0.022856495367242196,-0.004517566543534055
485,-0.01443544461218946,-0.019067498641394894,0.01661130304753056,0.030664593091042983
486,-0.03647529900603461,0.09314832120171126,0.0720908090417364,-0.001832860749488936
487,0.03344474957879514,0.04231995817423522,-0.02927708533922444,-0.05873782374826621
488,0.06439905428187961,-0.0007330077890140873,0.03764176433914727,0.08734846799044324
489,-0.01650675505206109,0.09376043479837523,0.015178932581916594,0.031711869931220056
490,0.009591104411358879,0.05631413212158116,0.028304002446684132,-0.045389581123573476
491,-0.0028759325671209564,0.07791135487191457,0.02344835378555335,0.029657446232651936
492,0.06260025505551696,0.05214769454175549,-0.01255877680473109,0.06719771983644916
493,0.05522655912088008,0.011257117079635537,0.01699287118561678,0.02870977967473705
494,-0.03733961587054379,0.014790474462585109,0.02278155912917828,-0.02456315189035098
495,0.02744969203863194,0.10401486493516268,0.03510483726889428,0.0183397684187012
496,-0.10033392389766944,-0.06031508786027079,-0.06711143021698956,-0.009372199840067003
497,0.008442502072560752,-0.03322227229726265,0.06547859457587751,0.012552498632147085
498,0.04806240645073723,0.016226096778767064,-0.03269455800362337,0.09547372235376145
499,0.03483200682607578,0.09687186759712554,0.15927582686149339,0.13331833453538028
500,-0.037715375123555536,-0.05917818288180227,0.008367286199831514,0.07633428797990718
501,-0.05685112987281479,-0.1431778791867063,0.15155688308086152,0.1585077643839471
502,0.030664593091042983,0.045526761041284745,0.021049862769594634,0.026352301379043326
503,-0.022169872968913627,-0.05821588772622714,-0.11916443213939447,0.06461142211478281
504,-0.03553245916052851,0.02849595128758009,0.006364926000034128,-0.04579112302167692
505,0.03223561708346208,0.0562120907260079,0.08487372572927601,0.05356779014822743
506,0.06575677282832645,-0.014169577538660988,-0.017246124246697962,-0.021319727455457294
507,0.07462004907188186,0.017846223666031988,0.03971595674933848,-0.06267119191694225
508,0.07395787540543002,0.042413614625101466,-0.009200394809037693,0.004299657044073789
509,0.10652074418392923,0.16191640358840242,-0.008248630740864026,0.011449470266576289
510,0.006612771198706547,-0.010420765207966178,0.021515981298733042,0.007974038851990953
511,0.0551352858496667,0.020204766968143936,0.006982664079105983,-0.020490841137627124
512,0.020701877565899043,0.06392473766982591,0.17290342797616506,0.11157955438534486
513,-0.004089574664219004,0.0014569153378469603,0.004961207336632868,-0.15464392607940886
514,0.061907521205541424,0.04354140256395621,-0.0011521168442352808,0.06996550155243682
515,0.005616486133727918,0.031990468729583256,-0.028890134044899925,0.037347660292486595
516,-0.005529137560678465,-0.06566738679306296,-0.020389869958670415,0.0017092297775827784
517,0.02420862082602183,0.028737402589274815,-0.033475418142976346,-0.05616080316826022
518,-0.022830988391619886,0.06797811455886198,0.07420012214525842,-0.02068948773455074
519,0.028516291247346292,0.015487793012481365,-0.09096881126589298,-0.06506496482745129
520,0.04682409768225949,0.02423140145385302,0.014796192932722805,0.0823473341015913
521,0.008442502072560752,-0.03322227229726265,0.06547859457587751,0.012552498632147085
522,-0.05616080316826022,-0.15957931500483433,0.00963737490581092,0.044233642604987015
523,0.23386517694246298,-0.01210618658436047,0.14168675613036044,0.22283684317037525
524,0.033919103148152926,0.04751357520136966,-0.045693205856184464,-0.12218888144058664
525,0.09044619152700702,0.05268977902213795,0.02176619879236522,-0.007656332504046889
526,0.10692926466615334,0.052818503065756854,0.01695484128659917,-0.037715375123555536
527,0.08135867933125521,0.016237304618384896,0.03276785207007106,0.005616486133727918
528,0.01685672166555747,0.025860773477762753,0.017924797219877563,0.023580997183367442
529,0.008080301731063687,0.06736312926851827,0.06484997864763854,0.05543686808800729
530,-0.02486485722016533,-0.002487481497062186,-0.0027283911528191464,-0.09261339929158924
531,0.005262864003230632,-0.04889617861396572,-0.056947025472608256,-0.06820859128991366
532,0.02423140145385302,0.014796192932722805,0.0823473341015913,0.05731174544484317
533,-0.03311736690928855,0.029156456970374847,0.020315402513363848,0.006287851614069399
534,-0.01970843724354158,-0.001764216062209568,-0.06529203476732443,0.05934630067635535
535,0.053974597623704164,0.1400620490374982,0.07715438445561038,0.16429180607037594
536,0.013055502677213972,0.03913718739332794,0.0060348711455441165,-0.09190603741494878
537,0.07546919914540791,-0.052644045068644486,0.057391731731546526,0.04265630603855725
538,0.09376043479837523,0.015178932581916594,0.031711869931220056,0.015325103577544191
539,0.09036745043547073,0.20817411967213192,0.009591104411358879,0.05631413212158116
540,0.03590981164249519,-0.030569674068653747,-0.06118506855572103,-0.15790354778416274
541,0.037833419266079034,-0.08240092046298034,-0.06711143021698956,-0.009372199840067003
542,0.004842037492388549,-0.03719091389142518,-0.022830988391619886,0.06797811455886198
543,-0.0051051083419211,-0.01607082458684289,-0.017449686457939966,0.03195651403544279
544,0.263310632907053,0.11011995149387833,0.03595651255263394,0.1784795106950509
545,-0.07716690882936779,0.05481731158778569,-0.005529137560678465,-0.06566738679306296
546,0.05112307606913304,0.023963976708823272,0.05674287905853458,0.04682409768225949
547,0.010791209501792631,0.009692727440513952,0.029239223785477764,0.016288290926872614
548,0.020841236177624917,-0.03163850228123829,-0.0883003365479709,-0.02486485722016533
549,0.09314832120171126,0.0720908090417364,-0.001832860749488936,-0.008054504811190783
550,0.046004160625338054,0.1786110197944668,0.06402763900948638,0.024648367639700457
551,0.08950145097867729,0.20527086862786997,-0.02177030502227734,0.22666738584077392
552,0.015325103577544191,0.02367804367127799,0.019082143207103875,-0.05519291734833666
553,0.050832303764645086,0.05407329072383777,-0.0032899033424237945,0.00043711952401027877
554,0.007221085628945011,0.009346032013199956,-0.014727339179581215,0.02043033461432674
555,0.039865583625172084,-0.015285831653700205,0.002021835830374982,-0.0018427708801756102
556,0.20817411967213192,0.009591104411358879,0.05631413212158116,0.042268457879275786
557,0.027985131753974917,0.024649406615095838,0.02232662736483993,0.05618386114043311
558,-0.07282663330833591,-0.011106035712797547,0.04490965294620502,-0.04938033602649569
559,0.023963976708823272,0.05674287905853458,-0.003179995427409638,-0.009995613412700156
560,0.013963011136263486,-0.01443544461218946,-0.019067498641394894,0.01661130304753056
561,0.06484997864763854,0.05543686808800729,-0.02775432483880939,0.0035007798920464336
562,0.01860029890708141,0.06669800285182495,0.033619419513257524,0.09660961896248449
563,0.005827663009140014,0.020169020825399984,0.07150946280620203,0.04824130298852722
564,0.007974038851990953,-0.017751195343342213,-0.020869068846696422,0.016721652182922028
565,0.00966076592308283,-0.004896598863669388,0.001396149368181709,0.00385394882475879
566,0.13679031692311297,0.043985079954863254,-0.0035989485344935825,-0.0028533404101912657
567,0.0748770995501764,0.028516291247346292,0.015487793012481365,-0.09096881126589298
568,0.004961207336632868,-0.15464392607940886,-0.07638695467008619,0.0062943424767758155
569,-0.015969511359020572,0.01961569337155239,0.048659151818756505,0.12790301675578866
570,0.03764176433914727,0.08734846799044324,0.03790628799489715,0.022684370018144242
571,0.010764415351345306,0.013427251399639835,0.05878796760083395,0.1442680668719345
572,0.04504949709734993,-0.0011521168442352808,0.06996550155243682,0.06440604535161763
573,0.11449748966614386,0.05833543739373691,-0.018978511458347606,-0.15049273384696898
574,0.09265456436381819,0.0452438535946445,0.02231189793737722,-0.08581948839162631
575,0.0562120907260079,0.08487372572927601,0.05356779014822743,-0.015332311026208764
576,-0.0037975231301814686,0.005839169704932225,0.000596609706238854,-0.003198480817079996
577,0.12367975797769766,0.16899550807497488,0.08105651591925545,-0.0049851771713745364
578,0.01961569337155239,0.048659151818756505,0.12790301675578866,0.11004866409985843
579,0.055909746701747885,0.017141958531543915,0.01970623765645272,0.06570940764382426
580,0.009333812953931188,-0.016832619674398547,-0.08588848725511113,0.009931061499256558
581,0.03764176433914727,0.08734846799044324,0.03790628799489715,0.022684370018144242
582,0.09395215948939031,0.024905751099002196,0.04188973617586783,0.06439905428187961
583,0.05268977902213795,0.02176619879236522,-0.007656332504046889,-0.03507399595771937
584,-0.01970843724354158,-0.001764216062209568,-0.06529203476732443,0.10692926466615334
585,0.08487372572927601,0.05356779014822743,0.003166544178429344,-0.004517566543534055
586,-0.000764935061800556,-0.0015810793213288728,-0.14639355121872283,-0.08529826441375793
587,0.06771129635265376,0.07331847075741482,0.0021443880627073906,0.0391609242164789
588,0.11157955438534486,0.10218837092771696,0.16899550807497488,0.08105651591925545
589,0.011611238192971548,0.23950488532678857,0.04837086616455555,0.1043825189063411
590,-0.041133885201600016,0.08365555280968927,0.0799543854539114,-0.012964228954416082
591,0.02679779099817386,0.020414838226042013,0.0540311695998272,-0.00521909168479309
592,0.002430625486315612,0.07570685403943211,0.013127471629898833,0.043498732633943174
593,0.02679779099817386,-0.02550047498504049,0.05550996276826985,-0.042678964071087205
594,0.0746436849787944,0.02841273061469006,0.047442303827898546,0.0685423723087051
595,0.04354140256395621,-0.0011521168442352808,0.06996550155243682,0.0634970250320656
596,0.02420862082602183,0.028737402589274815,-0.033475418142976346,-0.05616080316826022
597,0.06208251319461728,0.04618033823150406,-0.00039668250200649,0.0320296105725281
598,0.026650294369621963,0.05023086249500809,0.021330709658760057,-0.034785772257091875
599,-0.02486485722016533,-0.002487481497062186,-0.0027283911528191464,-0.09261339929158924
600,-0.0040099439253633,-0.04624443418091701,0.07546919914540791,0.03299907510763513
601,0.00342281220920832,0.01961569337155239,0.048659151818756505,0.12790301675578866
602,0.10652074418392923,0.15471591201636187,0.1195536119516561,0.16077321134488992
603,-0.06504903210521822,-0.011188332158927672,0.02420862082602183,0.028737402589274815
604,0.09265456436381819,0.0452438535946445,0.02231189793737722,-0.08581948839162631
605,0.0417510739700792,0.010178555626069999,0.05974919523256175,-0.004820745568297918
606,0.0417510739700792,0.13380290116912177,0.05075880985350582,0.02759643671691845
607,-0.0035989485344935825,-0.008671695817373782,-0.017376977939665986,0.03797585285006797
608,-0.011106035712797547,0.04490965294620502,-0.04938033602649569,-0.05318883424782888
609,0.020435228983264355,0.006297766455834597,-0.01669743734389148,-0.0253224956421449
610,-0.0005763305691675266,-0.039406788034806274,0.013279930598344827,0.05674287905853458
611,0.06842655064573248,0.024218604489924928,0.05175229404135538,0.07463734568278337
612,0.11886890957762948,0.005320447429078421,-0.011443240120825341,-0.06504903210521822
613,0.01974060520282703,0.00435558155294859,-0.018978511458347606,-0.15049273384696898
614,-0.01970843724354158,-0.001764216062209568,-0.06529203476732443,0.10692926466615334
615,0.02815498806673793,-0.03457835186186034,0.09907059068764777,0.009525257639794482
616,0.037043997380734404,-0.04056938058421847,-0.005637525045480252,-0.025838511639785726
617,0.03930624981704534,-0.03268418807681166,0.024820507352673524,0.05454457330743639
618,0.0900989218150235,0.04063372482888972,0.03344474957879514,0.0029025417067542396
619,0.07570685403943211,0.013127471629898833,0.020346594701796814,-0.1449848810164573
620,0.07946234483177844,0.04684663102592058,0.0061949975367046,-0.019068281816173573
621,-0.037715375123555536,-0.05917818288180227,0.008367286199831514,0.07633428797990718
622,0.03779158738155633,0.017511011656270174,0.04751357520136966,-0.045693205856184464
623,0.05790043189516751,0.020841236177624917,-0.03163850228123829,-0.0883003365479709
624,0.043783032082419,0.03344474957879514,0.0029025417067542396,0.007221085628945011
625,-0.006790861538028222,0.011340083233779809,0.01853262344435327,0.010068724907123608
626,0.02323773830564187,0.03947689379387463,0.009830092162553105,0.04298146736515457
627,0.02517833335626331,0.09044619152700702,0.05268977902213795,0.02176619879236522
628,0.044647968058535034,0.026091687558453626,0.03341163695318257,0.0049317270532911505
629,-0.009200394809037693,0.004299657044073789,-0.01473198548039481,0.0033751049213474834
630,0.027031862256106813,0.053648497988271496,-0.019069577522530502,0.13508372572615165
631,0.005168656270110838,0.01860029890708141,0.06669800285182495,0.033619419513257524
632,0.00385394882475879,0.011794482259847793,-0.029950006555454843,0.041625614727588994
633,-0.025506369445125927,0.019082143207103875,-0.05519291734833666,0.041034435089818105
634,0.09381664737022734,0.14083582185004723,0.09874539105052259,0.1980595960206749
635,-0.005346549189384994,0.08806943722472424,0.039865583625172084,-0.015285831653700205
636,0.011789268251337469,-0.004737227059644066,-0.01766156035542441,-0.1425588762630393
637,-0.008671695817373782,-0.017376977939665986,0.03797585285006797,0.034830188290305736
638,0.01685672166555747,-0.004679182112748411,0.030429494047507367,-0.00887580242302415
639,0.1367068347800229,0.1311532579188743,0.11131571440938633,0.035793694190449386
640,0.09381664737022734,0.14083582185004723,0.09874539105052259,0.1980595960206749
641,-0.007339068801813674,0.032708833873126085,0.050713076916418395,0.02991114106029612
642,0.04167222769359799,0.025144494961714538,-0.03647529900603461,0.09314832120171126
643,-0.08974303515891574,0.017527314762775668,0.041444893026027614,0.05023086249500809
644,0.08622357462744075,0.055909746701747885,0.037811335473967846,-0.026074719040020927
645,0.06439905428187961,0.0056576863216305185,-0.010248523690522197,-0.15567643467981396
646,0.02765786528493706,0.024600949002244726,0.003387299348614436,-0.020431440671730198
647,0.013538887880741127,-0.009866661182637375,-0.029950006555454843,0.041625614727588994
648,0.048659151818756505,0.12790301675578866,0.11004866409985843,0.1786296003926594
649,-0.014982093628872283,-0.015130296811596812,0.009028741917982133,0.00905254769067368
650,-0.059344447409009064,-0.0976602067509475,-0.0557556817700381,-0.03205603826024159
651,0.023963976708823272,0.05674287905853458,0.04682409768225949,0.02423140145385302
652,0.01219014238418171,0.016357579018128617,-0.010608455408300795,-0.010202013685965725
653,0.011611238192971548,0.23950488532678857,0.04837086616455555,0.1043825189063411
654,-0.02177030502227734,0.22666738584077392,0.16025330892228135,0.029606206151133886
655,0.17268423074310996,0.09682711124749349,0.02679779099817386,-0.0074318819833296195
656,0.06679229388045187,0.03227390694017979,-0.0162359438464235,-0.09028939417877037
657,0.04374364856840268,-0.01970843724354158,-0.001764216062209568,-0.04082417091509608
658,0.008080301731063687,0.06736312926851827,0.06484997864763854,0.05543686808800729
659,-0.05048555245022713,-0.004089574664219004,0.0014569153378469603,0.004961207336632868
660,0.06044932323785948,0.020655242408598253,-0.03351656156817025,0.061073824379587346
661,0.03162058340306293,-0.031242931752715704,-0.04904310773206642,-0.10338315238127574
662,0.07570685403943211,0.013127471629898833,0.043498732633943174,0.006171945495862345
663,0.23386517694246298,-0.01210618658436047,0.14168675613036044,-0.005346549189384994
664,-0.06031508786027079,0.023299838938816996,0.00966076592308283,-0.004896598863669388
665,0.020127943408622548,0.0528040198596846,0.06414806547249353,0.010441241355893008
666,0.03790628799489715,0.022684370018144242,-0.013293106975691601,-0.019886363012011198
667,-0.008671695817373782,-0.017376977939665986,0.03797585285006797,0.034830188290305736
668,0.024648367639700457,0.03451567945184562,-0.01021194743165507,-0.033074350021090174
669,0.06044932323785948,0.020655242408598253,-0.03567382466677644,-0.01046043074501207
670,0.029078939581978474,-0.007751801934191275,0.00435558155294859,-0.018978511458347606
671,-0.07213654081998544,-0.07649533509282554,0.004887389884845521,0.24334785007519066
672,-0.09889894590370596,-0.07716690882936779,0.05481731158778569,-0.005529137560678465
673,-0.028919930259445434,0.04248151104216597,-0.02927708533922444,-0.05873782374826621
674,0.08014730302853963,0.0551352858496667,0.020204766968143936,0.006982664079105983
675,-0.02996308879641303,-0.020846727225749255,0.10256063737013693,0.011702624363025375
676,0.02734539182641244,0.032177038443231165,0.017355998364001222,0.004345290344611144
677,-0.0162359438464235,-0.05566511390848779,0.0027414211450370565,0.025628320800981142
678,-0.08588848725511113,0.027031862256106813,0.053648497988271496,-0.019069577522530502
679,0.001665061697892903,-0.007154718189339423,0.02090016898043685,-0.004093450140098699
680,-0.0683707738427256,-0.1209672773677749,0.0023554476846316284,0.0281140192679024
681,0.04248574632216505,0.02403911798411785,-0.0006670782883442124,0.03209308509343252
682,0.001374842288426062,0.016131477872899806,0.04083681163566783,-0.008660317960369103
683,-0.15957931500483433,0.00963737490581092,0.044233642604987015,0.24223348615295345
684,0.02734539182641244,0.032177038443231165,0.017355998364001222,0.004345290344611144
685,0.22798934083862815,0.16445608965141556,0.025929747822988528,0.036219566792590606
686,0.05314037668756117,0.07310831228205482,0.05407329072383777,0.013963011136263486
687,0.006612771198706547,-0.010420765207966178,0.021515981298733042,0.007974038851990953
688,-0.01046043074501207,0.028225122466648295,0.044647968058535034,-0.016796836326135694
689,-0.011188332158927672,0.02420862082602183,0.00905867310573017,0.03808185594297404
690,-0.016846829757837384,-0.013870210011746403,0.009028741917982133,0.02870977967473705
691,0.11178376376371055,0.23686636505316352,0.013127471629898833,0.043498732633943174
692,0.033619419513257524,0.09660961896248449,0.03875830766692102,0.042671270030834596
693,-0.022181734731348293,0.03302551187024177,-0.050342691995622746,0.015240443207146707
694,-0.07821917475426834,-0.026852133123197418,0.0030069818919605347,-0.0021785246224466574
695,-0.001764216062209568,-0.06529203476732443,0.11974114896517263,0.044448562392878324
696,0.09687186759712554,0.15927582686149339,0.13331833453538028,0.005168656270110838
697,0.02991114106029612,0.07775323221691115,0.032987146810026395,0.043783032082419
698,0.01041279437881343,0.046225217964285595,-0.0034178765959546687,-0.02871232318376256
699,0.04354177115681113,0.015325103577544191,0.02367804367127799,0.019082143207103875
700,0.08570673383282468,0.009428846587031999,0.02435138468706542,0.02604189038723279
701,0.009433281355915271,-0.014600470371364999,-0.005535919993249112,0.01577757943279184
702,0.05214769454175549,-0.01255877680473109,0.06719771983644916,0.06516418858680059
703,0.05364691489810045,0.05974919523256175,-0.004820745568297918,0.05314037668756117
704,0.020204766968143936,0.006053078596346339,-0.00496676521662024,-0.11399169447086158
705,-0.009936918659731264,0.029728891762537946,0.08145330219970652,0.0540311695998272
706,-0.04056938058421847,-0.005637525045480252,-0.025838511639785726,0.11886890957762948
707,-0.0253224956421449,0.04237123697766942,0.034037086276389676,-0.049407531129056194
708,0.01661130304753056,0.030664593091042983,0.045526761041284745,0.021049862769594634
709,-0.08258793842706147,-0.014210233821178028,0.05595520268387419,0.017269539927308293
710,0.07570685403943211,0.013127471629898833,0.043498732633943174,0.006171945495862345
711,0.03195651403544279,0.032987146810026395,-0.013192898604134144,0.028343350896880053
712,-0.019069577522530502,-0.059344447409009064,-0.0976602067509475,-0.0557556817700381
713,-0.03833580052512118,0.07009305413060837,0.006364926000034128,-0.04579112302167692
714,0.025628320800981142,-0.07221742923040587,-0.020352219706992098,0.006940060669718801
715,0.05878796760083395,0.1442680668719345,0.08742134485205909,0.1980595960206749
716,-0.0014427468015152075,-0.004922972172201207,-0.0002762711550266936,-0.1449848810164573
717,-0.007930492469347556,0.08135867933125521,0.016237304618384896,0.03276785207007106
718,0.01974060520282703,0.00435558155294859,-0.018978511458347606,-0.15049273384696898
719,0.1315825200212921,0.1367068347800229,0.1311532579188743,0.11131571440938633
720,0.02435138468706542,0.02604189038723279,0.009971956524099027,-0.010248523690522197
721,0.05522655912088008,0.011257117079635537,0.009885871632892783,0.013450894429110424
722,0.03790628799489715,0.022684370018144242,-0.013293106975691601,-0.019886363012011198
723,0.08360971738967124,0.0441216471640192,-0.019269455674365138,0.05607678211970807
724,-0.03677184575890198,-0.1218280230092854,-0.038618769215352976,0.0017344377427880998
725,0.0031790701162829277,-0.004489316240323887,-0.008127589068975276,-0.00505393398592306
726,0.07150946280620203,0.04824130298852722,0.016537414449602463,-0.09083556275906199
727,0.030474884881794746,0.19476497723196481,0.054359119672220756,0.085384685131117
728,-0.0005485705735380322,-0.01938484730921016,-0.1457170726235326,-0.06833406106931146
729,-0.019069577522530502,-0.059344447409009064,-0.0976602067509475,-0.0557556817700381
730,0.015178932581916594,0.031711869931220056,0.015325103577544191,0.02367804367127799
731,0.03341163695318257,0.0049317270532911505,0.007477942352647772,0.006612771198706547
732,-0.0014427468015152075,-0.004922972172201207,-0.0002762711550266936,-0.1449848810164573
733,0.03331301927231291,-0.029950006555454843,0.041625614727588994,0.03682086080282173
734,0.002430625486315612,0.07570685403943211,0.013127471629898833,0.043498732633943174
735,0.004961207336632868,-0.15464392607940886,-0.07638695467008619,0.0062943424767758155
736,0.04083681163566783,-0.008660317960369103,-0.02810689182065751,-0.0005276131293991919
737,-0.05917818288180227,0.008367286199831514,0.07633428797990718,-0.04962330899281994
738,-0.007339068801813674,0.032708833873126085,0.050713076916418395,0.02991114106029612
739,-0.009326092852967406,0.05522655912088008,0.011257117079635537,0.03881249693053286
740,0.02367804367127799,0.019082143207103875,-0.05519291734833666,0.041034435089818105
741,0.04837086616455555,0.1043825189063411,0.1442516967700536,0.12849048001054955
742,-0.013293106975691601,-0.019886363012011198,0.027985131753974917,0.024649406615095838
743,-0.001832860749488936,-0.008054504811190783,-0.09009055783775237,-0.056587920230815714
744,-0.0014347097716089039,-0.0162462464960763,0.06081204173790412,0.0012446836373436378
745,0.032883772015831446,0.010764415351345306,0.013427251399639835,0.05878796760083395
746,0.23386517694246298,-0.01210618658436047,0.14168675613036044,0.22283684317037525
747,-0.026072889377660884,-0.12253989570409915,-0.03621649721069029,-0.0131336109081202
748,-0.03163850228123829,-0.0883003365479709,-0.02486485722016533,-0.002487481497062186
749,0.08287636971891303,0.009333812953931188,-0.016832619674398547,-0.08588848725511113
750,-0.03621649721069029,-0.0131336109081202,0.0506174831210367,-0.0031455015921875735
751,-0.04572308988216685,-0.13068905238419817,-0.027128337150302294,0.017439536052967712
752,0.02403911798411785,-0.0006670782883442124,0.03209308509343252,0.032037542390131735
753,-0.028467015752386745,0.06842655064573248,0.024218604489924928,0.05175229404135538
754,-0.09009055783775237,-0.050460345303100416,0.08365555280968927,0.0799543854539114
755,0.021049862769594634,0.026352301379043326,0.0012990776355567737,0.007170867643536217
756,0.026650294369621963,0.05023086249500809,0.021330709658760057,-0.034785772257091875
757,-0.0976602067509475,-0.0557556817700381,-0.03205603826024159,0.2526262616941449
758,-0.028467015752386745,0.06842655064573248,0.024218604489924928,0.05175229404135538
759,0.044948861138336606,0.1634339147724572,0.015485571189997131,0.030169365189279703
760,-0.01262927522922229,0.09265456436381819,0.0452438535946445,0.02231189793737722
761,0.02699928247404044,0.05454706420919959,0.08976295191255872,0.042288990324287054
762,-0.04850554726351195,0.026955011035204188,0.06436676991295626,0.02303278315861766
763,0.03595651255263394,0.1784795106950509,0.17095955027704018,-0.011320186630305316
764,0.039463226707756656,0.037833419266079034,-0.08240092046298034,-0.06711143021698956
765,0.11368810681052183,0.031718220345082954,0.03971595674933848,-0.06267119191694225
766,0.03875830766692102,0.042671270030834596,-0.031419770986970096,0.1016350791241134
767,-0.00496676521662024,-0.11399169447086158,-0.051075149006804765,-0.0021335904868741654
768,-0.06866753903744134,0.010675079839919726,0.04982300929955519,0.021457461599548977
769,-0.0162359438464235,-0.09028939417877037,-0.002782893872620861,0.07608944778980152
770,-0.03719091389142518,-0.022830988391619886,0.06797811455886198,0.07420012214525842
771,0.020655242408598253,-0.03567382466677644,-0.01046043074501207,0.028225122466648295
772,0.036063760027324546,-0.011206085541637536,0.041034435089818105,0.012210156230299331
773,-0.020431440671730198,0.01998665997633142,-0.031082690526254893,0.002430625486315612
774,-0.021125927474530386,-0.08472219196931578,-0.10825506337615295,0.263310632907053
775,0.02744969203863194,0.10401486493516268,0.03510483726889428,0.0183397684187012
776,0.02841273061469006,0.047442303827898546,0.019472651348175628,0.047442303827898546
777,0.042288990324287054,-0.009681890320329786,0.05112307606913304,0.023963976708823272
778,0.06748800444979743,-0.06573320777706151,0.09395215948939031,0.024905751099002196
779,0.007798985953508917,0.07819459062322921,0.044448562392878324,-0.006790861538028222
780,0.014874046400746022,0.009961599505911202,0.0329867735043766,0.004729783438254615
781,0.050713076916418395,0.02991114106029612,0.07775323221691115,0.08360971738967124
782,0.02826162078001348,0.04939081639495947,0.012204001535472821,0.043707444721036194
783,0.04188973617586783,0.06439905428187961,-0.0007330077890140873,0.03764176433914727
784,-0.0014427468015152075,-0.004922972172201207,-0.0002762711550266936,-0.1449848810164573
785,0.02734539182641244,0.019920118004127498,-0.013148571141253456,-0.03327052651534079
786,-0.12481355296141478,0.2341697026224454,0.11449748966614386,0.04721335484869471
787,0.04647911062049513,-0.04572308988216685,-0.13068905238419817,-0.027128337150302294
788,-0.07132791565052274,0.058365230668770134,-0.013287997462302109,-0.05387380003170251
789,0.09243218492997904,0.059001729166159776,0.047856138232220576,-0.02592957193685902
790,-0.03603910562800098,-0.05685112987281479,-0.1431778791867063,0.15155688308086152
791,-0.012436708278717812,-0.027914669894337645,0.10498664055254922,0.022458901633128824
792,0.050512162209031305,-0.0205482370400599,0.008075881188370368,0.02740464613057831
793,0.031214668156433666,0.002996970439633211,0.07365042419861502,0.05846382627014092
794,0.2341697026224454,0.11449748966614386,0.04721335484869471,0.1864918273196731
795,0.009885871632892783,0.013450894429110424,0.02415492521826854,0.13679031692311297
796,-0.03507399595771937,0.016940676610758692,0.02902295906132065,-0.008191109106544123
797,0.0062943424767758155,0.03251710760405471,0.022522480993718737,0.03451567945184562
798,0.0061949975367046,-0.019068281816173573,-0.0713840292511914,0.0028870675659669913
799,0.002021835830374982,-0.0018427708801756102,-0.0033481605894797144,0.012649918105789538
800,0.0014569153378469603,-0.013832169202085777,0.043498732633943174,0.006171945495862345
801,0.042413614625101466,-0.009200394809037693,0.004299657044073789,-0.01473198548039481
802,0.03223561708346208,0.05321788160251185,0.010791209501792631,0.06260025505551696
803,0.02043033461432674,0.006085282308852949,-0.013945795051438253,0.048796017761702545
804,0.015325103577544191,0.02367804367127799,0.019082143207103875,-0.05519291734833666
805,0.024648367639700457,0.03451567945184562,0.05996617158513001,0.02344835378555335
806,0.0492758897269837,0.016811891915699914,-0.015806339504420387,0.016278769969292395
807,0.015523407838747783,-0.08073559907332292,-0.001443580023459719,0.0017092297775827784
808,0.0728438969030247,0.10401486493516268,0.03510483726889428,0.0183397684187012
809,-0.005529137560678465,-0.06566738679306296,-0.020389869958670415,0.0017092297775827784
810,0.0061949975367046,-0.019068281816173573,-0.0713840292511914,0.0028870675659669913
811,0.055909746701747885,0.037811335473967846,-0.026074719040020927,0.0927671693931366
812,-0.005346549189384994,0.08806943722472424,0.039865583625172084,-0.015285831653700205
813,-0.003001089421959837,-0.09009055783775237,-0.04822456859237323,0.011789268251337469
814,-0.0489350186692615,-0.06482928669907931,-0.08472219196931578,-0.10825506337615295
815,0.009333812953931188,-0.016832619674398547,-0.08588848725511113,0.027031862256106813
816,-0.030645721609290747,0.05179656585435843,-0.013293106975691601,-0.019886363012011198
817,0.020149016518727223,0.09243218492997904,0.059001729166159776,0.047856138232220576
818,0.02349940927067805,-0.016313320641010303,0.09849201751450516,0.01685672166555747
819,0.01186360118715825,-0.00505393398592306,0.027342220336279893,0.032401305533269247
820,0.023963976708823272,0.06221864309081806,-0.002881656542227375,0.02517833335626331
821,0.02759643671691845,-0.005297334717018741,0.054950776773823706,0.06351461633079457
822,-0.014255860935147437,0.001396149368181709,0.00385394882475879,-0.0035989485344935825
823,0.008080301731063687,0.06736312926851827,0.06484997864763854,0.05543686808800729
824,-0.05685112987281479,-0.1431778791867063,-0.00941616276317299,0.02056614342377341
825,-0.1457170726235326,-0.06833406106931146,0.02056614342377341,0.020327262293546484
826,0.03227390694017979,-0.0162359438464235,-0.09028939417877037,-0.002782893872620861
827,0.024910970380971356,0.04444616506221233,-0.09261339929158924,-0.09093940332212361
828,0.11157955438534486,0.17354461860428042,0.005093046603205656,0.03998519926936727
829,-0.056947025472608256,-0.08296368035457874,-0.12481355296141478,0.2341697026224454
830,-0.0173456788167319,0.006702524739548357,-0.007547991372525836,-0.004042477083777581
831,-0.09096881126589298,-0.05048555245022713,-0.004089574664219004,0.0014569153378469603
832,0.0012990776355567737,0.007170867643536217,-0.011679526504085241,0.007461879601311705
833,-0.04511760309730755,-0.05776803244126003,-0.07780113493787241,-0.08523360912573254
834,0.03797585285006797,0.034830188290305736,-0.08204674897890278,0.10692926466615334
835,0.010266067463765634,0.08287636971891303,0.009333812953931188,-0.016832619674398547
836,0.10498664055254922,0.022458901633128824,-0.007778741942306582,-0.03716115413325973
837,-0.029534921581718058,0.02709928010278606,0.055970802408372225,-0.03677184575890198
838,-0.005814780866760401,0.008527595105345247,-0.010202013685965725,-0.0007087971577727721
839,0.0854469118442216,0.06554334326021176,0.015232563943364053,-0.00011492672750969557
840,0.10498664055254922,0.022458901633128824,-0.007778741942306582,-0.03716115413325973
841,0.009961599505911202,0.0329867735043766,0.004729783438254615,0.021012075726165945
842,0.05068818011555717,-0.041133885201600016,-0.13764536902631724,-0.08005288392964759
843,-0.022169872968913627,-0.05821588772622714,-0.11916443213939447,0.06461142211478281
844,0.08105651591925545,-0.0049851771713745364,0.07472554095781088,0.02815498806673793
845,0.026508189548699945,0.04935294295562346,-0.030515980052575612,0.09745846809380196
846,0.057001927295215075,0.025957653285422967,0.04728589598410899,0.0339515426218907
847,-0.030720136272704167,-0.007930492469347556,0.08135867933125521,0.016237304618384896
848,0.18605162301684083,0.015485571189997131,0.030169365189279703,0.02649688159950435
849,-0.14258923569181944,-0.06851762111446583,-0.015552718746403819,-0.005133491311685329
850,0.025628320800981142,-0.08823696391282364,0.002721033292247158,-0.005133491311685329
851,0.012365818491159804,0.004842037492388549,-0.029855317197671,0.02639861893020655
852,0.1043825189063411,0.1442516967700536,0.12849048001054955,0.020712984020955096
853,0.044647968058535034,0.026091687558453626,0.03341163695318257,0.0049317270532911505
854,0.050512162209031305,-0.029910882190410843,0.09395215948939031,0.024905751099002196
855,0.12790301675578866,0.11004866409985843,0.1786296003926594,0.057001927295215075
856,-0.03381423652864563,0.05537910869697455,0.08490533966392713,0.02921620650682846
857,0.05668850738506953,0.024910970380971356,0.04444616506221233,0.05750007864095875
858,0.00435558155294859,-0.018978511458347606,-0.17421745351834747,0.05886859575445568
859,0.010578799310315386,0.029152458653708312,0.01081979999768568,-0.02994043999248146
860,-0.055412634380477395,0.013393092697523859,-0.0031079031585684092,0.0007639960399501508
861,0.0027414211450370565,0.025628320800981142,-0.08823696391282364,0.002721033292247158
862,0.01695484128659917,0.06663148367852013,0.04684663102592058,0.0061949975367046
863,0.027985131753974917,0.024649406615095838,0.02232662736483993,0.05618386114043311
864,0.016721652182922028,0.03808185594297404,-0.00496676521662024,-0.11399169447086158
865,-0.056947025472608256,-0.08296368035457874,-0.12481355296141478,0.16833186243615636
866,0.022755690182547236,0.04265385277217921,0.15240257127716805,0.1680627641109319
867,0.02157137338810507,0.0230773999402624,0.007822680867767927,0.03141904600384711
868,0.03942978255274464,0.03223561708346208,0.0562120907260079,0.08487372572927601
869,-0.02155405246506647,0.09610273518539593,0.01685672166555747,0.025860773477762753
870,-0.08073559907332292,-0.003870944107512582,-0.014683768648714483,0.06623824382816598
871,-0.004229448637686191,0.04426037679894457,0.015024797213813964,0.08978943009235238
872,-0.03553245916052851,0.02849595128758009,0.006364926000034128,-0.04579112302167692
873,0.0452438535946445,-0.004003701477166462,-0.029950006555454843,0.041625614727588994
874,0.08733021923824424,0.083601952740726,0.03641138496146255,-0.028467015752386745
875,0.1864918273196731,0.1912402838473926,-0.007339068801813674,0.032708833873126085
876,-0.025838511639785726,0.11886890957762948,0.005320447429078421,-0.011443240120825341
877,0.07946234483177844,0.04684663102592058,0.0061949975367046,-0.019068281816173573
878,-0.004093450140098699,-0.014982093628872283,-0.015130296811596812,0.009028741917982133
879,0.09381664737022734,0.14083582185004723,0.09874539105052259,0.1980595960206749
880,0.0492758897269837,0.016811891915699914,-0.015806339504420387,-0.022624027600938547
881,-0.14639355121872283,-0.08529826441375793,0.007108112278546442,0.04154225173810074
882,0.001623004560214426,-0.01534755215224717,-0.09563878585135667,-0.034902765518025916
883,-0.055412634380477395,0.013393092697523859,-5.8338600625194406e-05,-0.010248523690522197
884,0.03916741147349725,-0.030720136272704167,-0.007930492469347556,0.08135867933125521
885,0.012275326094953992,0.10652074418392923,0.15471591201636187,0.05324408767827695
886,0.008499036672793286,0.03590981164249519,-0.030569674068653747,-0.06118506855572103
887,0.1786110197944668,0.18605162301684083,0.015485571189997131,0.030169365189279703
888,-0.0051051083419211,-0.01607082458684289,-0.017449686457939966,0.03195651403544279
889,-0.05873782374826621,0.001374842288426062,0.016131477872899806,0.04083681163566783
890,0.083601952740726,0.03641138496146255,-0.012698410984718475,0.02423140145385302
891,-0.01938484730921016,-0.1457170726235326,-0.06833406106931146,0.02056614342377341
892,-0.029910882190410843,0.09395215948939031,0.024905751099002196,0.04188973617586783
893,0.01853262344435327,0.010068724907123608,0.022683386114089713,0.016515814760306495
894,0.09874539105052259,0.030956463116623888,-0.013534918400980867,-0.026853141604926915
895,0.050512162209031305,-0.029910882190410843,0.09395215948939031,0.024905751099002196
896,0.15927582686149339,0.13331833453538028,0.005168656270110838,0.01860029890708141
897,0.04310360874963124,-0.03845370595166686,0.07462004907188186,0.0648244990664447
898,-0.08529826441375793,0.007108112278546442,0.04154225173810074,-0.06581065085683803
899,0.05649429316671417,0.022833190338024337,0.06930880348256134,0.04671823888313922
900,0.026650294369621963,0.05023086249500809,0.021330709658760057,-0.034785772257091875
901,0.006171945495862345,0.0313435380150615,-0.012788132184603986,0.023597433850476822
902,0.026352301379043326,0.0012990776355567737,0.007170867643536217,-0.011679526504085241
903,0.02231189793737722,-0.08581948839162631,-0.06508105366372605,-0.0014427468015152075
904,-0.06118506855572103,0.22740913766331494,0.11449748966614386,0.04721335484869471
905,0.02334834607514963,-0.0063949693526819855,-0.02155405246506647,0.07772641030097946
906,0.021625158554888915,0.0031790701162829277,-0.004489316240323887,0.0015758165291742405
907,0.0017344377427880998,0.0383700697461459,-0.004229448637686191,0.04426037679894457
908,0.024648367639700457,0.03451567945184562,-0.01021194743165507,-0.033074350021090174
909,0.18811433798098445,0.09021814789768995,0.19038427574162717,-0.002725805564664397
910,0.03209308509343252,0.032037542390131735,0.13328823247215815,0.10421237703207416
911,0.06731191675511113,0.05974919523256175,-0.004820745568297918,0.05314037668756117
912,-0.014879420061233384,0.031133313490282106,0.007798985953508917,0.07819459062322921
913,0.03447611249478252,-0.007930492469347556,0.08135867933125521,0.016237304618384896
914,0.0033421825569468046,-0.04227611970469211,-0.12281810424592568,0.04982300929955519
915,-3.963623685946036e-05,0.030429494047507367,-0.00887580242302415,0.011878759963531013
916,-0.01255877680473109,0.02248985212827792,-0.013624535480764548,0.22798934083862815
917,-0.031032734108641196,0.10133919983596766,0.039463226707756656,0.037833419266079034
918,-0.07682537110950548,0.007039154118347256,-0.0074318819833296195,0.055383400241375814
919,0.06436676991295626,0.02303278315861766,0.05992675599698476,0.02841273061469006
920,0.029152458653708312,0.01081979999768568,-0.0103245745688905,0.03948925873048987
921,-0.07132791565052274,0.058365230668770134,-0.013287997462302109,-0.05387380003170251
922,-0.10825506337615295,0.263310632907053,0.11011995149387833,0.03595651255263394
923,0.1043825189063411,0.1442516967700536,0.12849048001054955,0.020712984020955096
924,0.012275326094953992,0.10652074418392923,0.15471591201636187,0.1195536119516561
925,-0.15957931500483433,0.00963737490581092,0.044233642604987015,0.24223348615295345
926,0.0975692334592268,0.06786289075018366,0.019644900767271215,0.061907521205541424
927,0.24223348615295345,0.011503904041554106,0.11178376376371055,0.23686636505316352
928,0.08287636971891303,0.009333812953931188,-0.016832619674398547,-0.08588848725511113
929,-0.06508105366372605,-0.0014427468015152075,-0.004922972172201207,-0.0002762711550266936
930,0.08078541694248285,0.06554334326021176,0.015232563943364053,-0.00011492672750969557
931,0.024905751099002196,0.04188973617586783,0.06439905428187961,-0.0007330077890140873
932,0.008125885190452386,0.005839169704932225,0.000596609706238854,-0.003198480817079996
933,0.03660958204538981,0.04647911062049513,-0.04572308988216685,-0.13068905238419817
934,0.08976295191255872,0.042288990324287054,-0.009681890320329786,0.05112307606913304
935,0.1016350791241134,0.01252791852493433,0.05364691489810045,0.05974919523256175
936,-0.034785772257091875,0.10183186860558922,0.05790043189516751,0.020841236177624917
937,-0.06581065085683803,-0.03651943588496546,0.008475104952900851,0.02765786528493706
938,-0.0040099439253633,-0.04624443418091701,0.07546919914540791,-0.0120322036244557
939,0.053974597623704164,0.1400620490374982,0.07715438445561038,0.2127050409126765
940,0.030783248129296784,0.015523407838747783,-0.07129956061803258,0.001665061697892903
941,0.008080301731063687,0.06736312926851827,0.06484997864763854,0.05543686808800729
942,0.03251710760405471,-0.07682537110950548,-0.020352219706992098,0.006940060669718801
943,-0.05196133780222694,0.0028742228637099495,0.07942804085490669,0.03591066926944299
944,-0.02456315189035098,0.03329672356968668,-0.03136287361237509,-0.01315090154732808
945,0.05075880985350582,0.02759643671691845,-0.005297334717018741,0.054950776773823706
946,-0.017246124246697962,-0.021319727455457294,0.08386560020338892,0.005437065094973533
947,0.03371972228917836,0.006364926000034128,0.06741148297839925,0.02728045160063736
948,0.009433281355915271,-0.014600470371364999,-0.005535919993249112,0.008214469382970893
949,-0.05630009286773721,-0.004303363818687617,-0.0458377959121463,-0.13008317716932508
950,-0.08523360912573254,0.030474884881794746,0.19476497723196481,0.054359119672220756
951,0.032401305533269247,-0.07383617068359147,-0.11268482126922406,0.014874046400746022
952,-0.0019707085426019775,-0.07311732007286383,-0.09889894590370596,-0.07716690882936779
953,0.02815498806673793,-0.03457835186186034,0.09907059068764777,0.009525257639794482
954,0.1442680668719345,0.09036745043547073,0.20817411967213192,0.009591104411358879
955,0.06484997864763854,0.05543686808800729,-0.02775432483880939,0.0035007798920464336
956,-0.03099676014357284,-0.056746431009554614,-0.002423868950951307,0.01041279437881343
957,-0.052644045068644486,0.057391731731546526,0.04265630603855725,0.022807142819862326
958,0.004887389884845521,0.24334785007519066,0.03483200682607578,0.09687186759712554
959,0.0634970250320656,0.04812106459312323,0.017461980216704025,0.0011914064711409111
960,0.07633428797990718,-0.04962330899281994,-0.05073514033788832,-0.081205586329834
961,0.05407329072383777,0.013963011136263486,-0.01443544461218946,-0.019067498641394894
962,0.04979001272479147,0.08622357462744075,0.055909746701747885,0.037811335473967846
963,0.016537414449602463,-0.09083556275906199,-0.05630009286773721,-0.004303363818687617
964,0.07462004907188186,0.07988536334400807,0.018118850213676558,0.0025336243002390554
965,-0.0253224956421449,0.04237123697766942,0.034037086276389676,-0.049407531129056194
966,0.007221085628945011,0.009346032013199956,-0.014727339179581215,0.02043033461432674
967,0.03808185594297404,-0.00496676521662024,-0.11399169447086158,-0.051075149006804765
968,0.05764210194520755,0.0704862757948348,-0.04677990554653519,-0.06866753903744134
969,-0.06866403183244768,0.015151760354786346,0.02923423138402624,-0.08370626856186839
970,-0.03651943588496546,0.008475104952900851,0.02765786528493706,0.024600949002244726
971,0.013963011136263486,-0.01443544461218946,-0.019067498641394894,0.01661130304753056
972,0.025628320800981142,-0.08823696391282364,0.002721033292247158,-0.005133491311685329
973,0.008499036672793286,0.03590981164249519,-0.030569674068653747,-0.06118506855572103
974,-0.15790354778416274,-0.010432458507049902,0.05886859575445568,0.254888216607517
975,0.042413614625101466,-0.009200394809037693,0.004299657044073789,-0.01473198548039481
976,0.0704862757948348,-0.04677990554653519,-0.06866753903744134,0.010675079839919726
977,-0.1431778791867063,0.15155688308086152,0.1585077643839471,0.023898099505917064
978,0.06575677282832645,0.013782209910908162,0.02604189038723279,0.019549987029530605
979,0.016537414449602463,-0.09083556275906199,-0.05630009286773721,-0.004303363818687617
980,-0.014169577538660988,-0.017246124246697962,-0.021319727455457294,0.025455493242960484
981,0.03614906441302523,0.005747103245119043,0.07395787540543002,0.022929972855344486
982,0.04939081639495947,0.012204001535472821,0.043707444721036194,0.002610531113063338
983,-0.0018427708801756102,-0.0033481605894797144,0.012649918105789538,0.003923268694962706
984,0.077739445343134,0.03982964454413606,0.06044932323785948,0.020655242408598253
985,0.012210156230299331,0.0062567490126280954,0.06351461633079457,0.06771129635265376
986,0.00888128311780124,-0.003576996288077466,-0.017420439501306575,0.03930624981704534
987,-0.081205586329834,-0.07649533509282554,0.004887389884845521,0.24334785007519066
988,-0.02712704838623795,-0.016379602227984597,0.06081204173790412,0.0012446836373436378
989,-0.04056938058421847,-0.005637525045480252,-0.025838511639785726,0.11886890957762948
990,0.013427251399639835,0.05878796760083395,0.13532306579499223,0.023924418008826748
991,-0.0959799781885171,0.04982300929955519,0.021457461599548977,-0.06773552461103065
992,0.04028733948383551,-0.045389581123573476,-0.04601465751709777,-0.05509488366834008
993,0.03942978255274464,0.03223561708346208,0.0692573919820413,0.06319230671727441
994,0.029156456970374847,0.020315402513363848,0.006287851614069399,0.029239223785477764
995,0.02740464613057831,-0.022181734731348293,0.03302551187024177,-0.033401786587522055
996,-0.022624027600938547,0.021486469795082428,0.047198711375346154,0.02734539182641244
997,0.03223561708346208,0.0562120907260079,0.08487372572927601,0.05356779014822743
998,0.042288990324287054,-0.009681890320329786,0.05112307606913304,0.023963976708823272
999,0.02765786528493706,0.024600949002244726,0.003387299348614436,-0.020431440671730198
